{
   "dashboards": [{
      "autoswitchEnabled": false,
      "columnCount": 1,
      "columnProportion": "1-1",
      "creationTime": 1543351948294,
      "description": "",
      "disabled": false,
      "gridsterMaxColumns": 12,
      "hidden": false,
      "homeTab": false,
      "id": "692b3c13-4bde-4dfd-9cfb-fdcf0c4bf5df",
      "importAttempts": 0,
      "importComplete": true,
      "isDefault": false,
      "locked": false,
      "name": "VMs Remaining (Average VM Size)",
      "rank": 122,
      "shared": false,
      "temporary": false,
      "userId": "87a15df6-df0b-4b3b-be18-9c5e69ed78e3",
      "widgets": [
         {
            "collapsed": false,
            "config": {
               "additionalColumns": [],
               "additionalColumns_resource": [],
               "barsCount": 10,
               "depth": 10,
               "filterMode": "tagFilter",
               "filterOldMetrics": {"filterOldMetrics": true},
               "metricOption": {
                  "metricInfo": {
                     "path": ["/source/GROUP_Super Metric/Super Metric|sm_0752f553-e969-4ab4-aa66-c6de734a1018"],
                     "value": "Super Metric|sm_0752f553-e969-4ab4-aa66-c6de734a1018"
                  },
                  "resourceKindId": ["resourceKind:id:0_::_"],
                  "tagFilter": null,
                  "value": {"metricOption": "metricsHighestUtilization"}
               },
               "mode": "metric",
               "refreshContent": {"refreshContent": true},
               "refreshInterval": 300,
               "regenerationTime": 15,
               "roundDecimals": 1,
               "selfProvider": {"selfProvider": true},
               "tagOption": {
                  "tagFilter": null,
                  "value": {"tagOption": "leastHealthyApplications"}
               },
               "title": "Clusters by VMs Remaining"
            },
            "gridsterCoords": {
               "h": 8,
               "w": 6,
               "x": 1,
               "y": 1
            },
            "height": 438,
            "id": "42a2afcb-64b5-4c71-8454-05e55c610e90",
            "title": "Clusters by VMs Remaining",
            "type": "ParetoAnalysis"
         },
         {
            "collapsed": false,
            "config": {
               "chartViewItems": ["labels"],
               "refreshContent": {"refreshContent": true},
               "refreshInterval": 300,
               "resource": {
                  "adapterKindId": "VMWARE",
                  "allowDrag": true,
                  "allowDrop": true,
                  "checked": null,
                  "children": null,
                  "cls": "",
                  "depth": 1,
                  "expandable": true,
                  "expanded": false,
                  "href": "",
                  "hrefTarget": "",
                  "icon": "",
                  "iconCls": "resknd_default_vmware_vsphereworld",
                  "iconSrc": "images/resknd/default/16x16/VMWARE_vSphere World.png",
                  "id": "652ec7d3-4e7f-4463-b5b2-64f75af7899b",
                  "index": 0,
                  "isFirst": true,
                  "isLast": true,
                  "leaf": false,
                  "loaded": false,
                  "loading": false,
                  "nodeType": "resource",
                  "parentId": "source",
                  "qshowDelay": 0,
                  "qtip": "",
                  "qtitle": "",
                  "resourceId": "resource:id:0_::_",
                  "resourceKindId": "002006VMWAREvSphere World",
                  "resourceKindKey": "vSphere World",
                  "resourceKindName": "vSphere World",
                  "resourceKindType": 8,
                  "resourceName": "vSphere World",
                  "root": false,
                  "rootResourceId": "652ec7d3-4e7f-4463-b5b2-64f75af7899b",
                  "text": "vSphere World",
                  "traversalSpecId": "vSphere Hosts and Clusters-VMWARE-vSphere World",
                  "uniqueId": "652ec7d3-4e7f-4463-b5b2-64f75af7899b_1543353066759",
                  "visible": true
               },
               "selectFirstRow": {"selectFirstRow": false},
               "selfProvider": {"selfProvider": true},
               "title": "VMs Remaining Bar Chart",
               "traversalSpecId": null,
               "viewDefinitionId": "12a6d402-22c2-4c4e-9a6f-9655ca270f97"
            },
            "gridsterCoords": {
               "h": 8,
               "w": 6,
               "x": 7,
               "y": 1
            },
            "height": 438,
            "id": "6927635e-1f35-4678-aca0-9c7f11950bf0",
            "title": "VMs Remaining Bar Chart",
            "type": "View"
         },
         {
            "collapsed": false,
            "config": {
               "chartViewItems": [],
               "refreshContent": {"refreshContent": true},
               "refreshInterval": 300,
               "resource": {
                  "adapterKindId": "VMWARE",
                  "allowDrag": true,
                  "allowDrop": true,
                  "checked": null,
                  "children": null,
                  "cls": "",
                  "depth": 1,
                  "expandable": true,
                  "expanded": false,
                  "href": "",
                  "hrefTarget": "",
                  "icon": "",
                  "iconCls": "resknd_default_vmware_vsphereworld",
                  "iconSrc": "images/resknd/default/16x16/VMWARE_vSphere World.png",
                  "id": "652ec7d3-4e7f-4463-b5b2-64f75af7899b",
                  "index": 0,
                  "isFirst": true,
                  "isLast": true,
                  "leaf": false,
                  "loaded": false,
                  "loading": false,
                  "nodeType": "resource",
                  "parentId": "source",
                  "qshowDelay": 0,
                  "qtip": "",
                  "qtitle": "",
                  "resourceId": "resource:id:0_::_",
                  "resourceKindId": "002006VMWAREvSphere World",
                  "resourceKindKey": "vSphere World",
                  "resourceKindName": "vSphere World",
                  "resourceKindType": 8,
                  "resourceName": "vSphere World",
                  "root": false,
                  "rootResourceId": "652ec7d3-4e7f-4463-b5b2-64f75af7899b",
                  "text": "vSphere World",
                  "traversalSpecId": "vSphere Hosts and Clusters-VMWARE-vSphere World",
                  "uniqueId": "652ec7d3-4e7f-4463-b5b2-64f75af7899b_1543353169489",
                  "visible": true
               },
               "selectFirstRow": {"selectFirstRow": false},
               "selfProvider": {"selfProvider": true},
               "title": "VMs Remaining Overview",
               "traversalSpecId": null,
               "viewDefinitionId": "c2a67bb7-7d70-42e9-ab93-4fc22d223e63"
            },
            "gridsterCoords": {
               "h": 8,
               "w": 12,
               "x": 1,
               "y": 9
            },
            "height": 438,
            "id": "171f69ec-0c19-427c-ba5b-da0c1d995f4b",
            "title": "VMs Remaining Overview",
            "type": "View"
         }
      ]
   }],
   "entries": {
      "resource": [{
         "adapterKindKey": "VMWARE",
         "identifiers": [],
         "internalId": "resource:id:0_::_",
         "name": "vSphere World",
         "resourceKindKey": "vSphere World"
      }],
      "resourceKind": [{
         "adapterKindKey": "VMWARE",
         "internalId": "resourceKind:id:0_::_",
         "resourceKindKey": "ClusterComputeResource"
      }]
   },
   "uuid": "c83e50b3-afa0-411f-a3c8-2de43d90293f"
}